carnet_estudiante_id,codigo_curso_id,nota,aprobado,es_semestre,fecha_registro
202257052,3005,80,SI,TRUE,2022-02-24
202257052,3003,90,SI,FALSE,2022-10-31
202257052,3003,78,SI,TRUE,2023-01-31
202257052,3000,64,SI,FALSE,2023-10-20
202257052,3001,78,SI,TRUE,2024-05-13
202257052,3004,73,SI,TRUE,2024-09-17
202257052,3187,75,SI,TRUE,2025-07-17
202257052,3011,83,NO,FALSE,2026-02-13
202257052,3011,83,SI,FALSE,2026-11-29
202257052,3011,88,NO,TRUE,2026-09-21
202257052,3011,89,SI,TRUE,2026-10-10
202257052,3011,47,NO,TRUE,2026-09-28
202257052,3006,67,SI,TRUE,2026-08-24
202257052,3007,69,SI,FALSE,2026-07-15
202257052,3161,86,SI,TRUE,2026-09-20
202257052,3013,72,SI,FALSE,2026-08-29
202257052,3014,72,SI,TRUE,2026-08-11
202257052,3164,95,SI,TRUE,2026-09-29
202257052,3179,93,SI,TRUE,2026-11-21
202257052,3163,78,SI,FALSE,2026-09-03
202257052,3163,49,NO,TRUE,2026-10-18
202257052,3163,88,SI,TRUE,2026-08-25
202257052,3171,74,SI,TRUE,2026-11-27
202257052,3166,98,SI,TRUE,2026-07-15
202257052,3021,78,SI,TRUE,2026-10-05
202257052,3022,71,SI,FALSE,2026-07-19
202257052,3090,47,NO,FALSE,2026-10-15
202257052,3025,96,SI,TRUE,2026-10-01
202257052,3167,55,NO,TRUE,2026-07-29
202257052,3170,55,NO,FALSE,2026-08-04
202257052,3028,45,NO,TRUE,2026-11-16
202257052,3031,92,SI,TRUE,2026-08-01
202257052,3172,88,SI,TRUE,2026-11-28
202257052,3183,89,SI,TRUE,2026-08-16
202257052,3040,48,NO,TRUE,2026-11-13
202257052,3180,100,SI,TRUE,2026-08-26
202257052,3181,56,NO,TRUE,2026-11-27
202257052,3182,95,SI,TRUE,2026-10-31
202257052,3188,53,NO,FALSE,2026-11-30
202257052,3194,88,SI,TRUE,2026-09-04
202257052,3186,85,SI,TRUE,2026-10-02
202257052,3189,65,SI,TRUE,2026-10-18
202257052,3190,68,SI,TRUE,2026-11-24
202257052,3197,68,SI,TRUE,2026-08-14
202257052,3198,55,NO,FALSE,2026-09-10
202257052,3195,44,NO,TRUE,2026-10-09
202257052,3200,41,NO,TRUE,2026-09-11
202257052,3202,77,SI,FALSE,2026-09-09
202257052,3203,40,NO,FALSE,2026-08-02
202257052,3204,85,SI,FALSE,2026-07-30
202240007,3005,43,NO,FALSE,2022-01-27
202240007,3005,77,SI,FALSE,2022-11-14
202240007,3005,72,NO,TRUE,2023-05-30
202240007,3005,50,NO,TRUE,2023-07-29
202240007,3005,72,SI,TRUE,2024-02-04
202240007,3003,94,SI,FALSE,2024-08-31
202240007,3000,44,NO,TRUE,2025-06-16
202240007,3001,44,NO,TRUE,2025-09-13
202240007,3004,65,SI,FALSE,2026-02-14
202240007,3187,100,SI,FALSE,2026-09-16
202240007,3187,77,NO,TRUE,2026-07-25
202240007,3187,79,SI,TRUE,2026-08-04
202240007,3011,66,SI,FALSE,2026-11-25
202240007,3011,60,NO,TRUE,2026-09-19
202240007,3011,53,NO,TRUE,2026-10-03
202240007,3006,55,NO,TRUE,2026-09-20
202240007,3006,65,SI,TRUE,2026-08-17
202240007,3007,82,SI,FALSE,2026-09-29
202240007,3161,69,SI,FALSE,2026-10-03
202240007,3013,99,SI,TRUE,2026-08-02
202240007,3014,40,NO,TRUE,2026-11-09
202240007,3164,79,SI,FALSE,2026-08-09
202240007,3164,44,NO,FALSE,2026-11-29
202240007,3164,53,NO,TRUE,2026-11-21
202240007,3164,56,NO,TRUE,2026-08-17
202240007,3164,99,SI,TRUE,2026-10-12
202240007,3179,96,SI,TRUE,2026-08-01
202240007,3163,96,SI,TRUE,2026-09-15
202240007,3171,63,SI,TRUE,2026-09-25
202240007,3166,50,NO,FALSE,2026-11-04
202240007,3021,93,SI,TRUE,2026-09-30
202240007,3022,79,SI,TRUE,2026-11-27
202240007,3090,40,NO,TRUE,2026-09-29
202240007,3025,99,SI,TRUE,2026-08-10
202240007,3167,100,SI,TRUE,2026-08-18
202240007,3170,56,NO,FALSE,2026-08-13
202240007,3028,96,SI,TRUE,2026-08-11
202240007,3031,87,SI,FALSE,2026-08-23
202240007,3172,57,NO,TRUE,2026-09-25
202240007,3183,78,SI,FALSE,2026-09-06
202240007,3040,85,SI,TRUE,2026-10-10
202240007,3180,53,NO,TRUE,2026-09-20
202240007,3181,72,SI,TRUE,2026-11-17
202240007,3182,56,NO,TRUE,2026-07-28
202240007,3188,45,NO,TRUE,2026-10-31
202240007,3194,93,SI,TRUE,2026-09-23
202240007,3186,42,NO,TRUE,2026-07-15
202240007,3189,61,SI,TRUE,2026-08-17
202240007,3190,80,SI,TRUE,2026-09-20
202240007,3197,50,NO,TRUE,2026-11-05
202240007,3198,75,SI,FALSE,2026-11-01
202240007,3195,75,SI,TRUE,2026-07-17
202240007,3200,47,NO,TRUE,2026-08-03
202240007,3202,100,SI,TRUE,2026-08-22
202240007,3203,74,SI,TRUE,2026-07-24
202240007,3204,93,SI,TRUE,2026-10-17
202286350,3005,87,SI,FALSE,2022-03-06
202286350,3005,63,SI,TRUE,2022-11-02
202286350,3005,44,NO,TRUE,2023-04-09
202286350,3003,79,SI,TRUE,2023-10-03
202286350,3000,82,NO,FALSE,2024-02-15
202286350,3000,86,SI,FALSE,2024-09-29
202286350,3000,72,NO,TRUE,2025-04-04
202286350,3000,82,SI,TRUE,2025-10-27
202286350,3000,60,NO,TRUE,2026-04-28
202286350,3001,84,SI,TRUE,2026-09-28
202286350,3004,75,SI,FALSE,2026-08-16
202286350,3187,52,NO,TRUE,2026-10-30
202286350,3187,82,SI,TRUE,2026-10-20
202286350,3011,83,SI,FALSE,2026-08-28
202286350,3011,79,SI,TRUE,2026-09-30
202286350,3011,65,NO,TRUE,2026-07-15
202286350,3006,59,NO,FALSE,2026-09-26
202286350,3007,53,NO,TRUE,2026-11-02
202286350,3161,90,SI,TRUE,2026-10-05
202286350,3013,69,SI,TRUE,2026-11-05
202286350,3014,68,SI,FALSE,2026-09-07
202286350,3014,72,NO,TRUE,2026-11-13
202286350,3014,90,SI,TRUE,2026-08-27
202286350,3164,82,SI,FALSE,2026-08-05
202286350,3179,58,NO,TRUE,2026-11-23
202286350,3163,82,SI,TRUE,2026-10-08
202286350,3171,45,NO,TRUE,2026-09-13
202286350,3166,83,SI,FALSE,2026-10-02
202286350,3021,54,NO,TRUE,2026-09-03
202286350,3022,49,NO,TRUE,2026-07-21
202286350,3090,42,NO,TRUE,2026-09-15
202286350,3025,70,SI,TRUE,2026-08-02
202286350,3167,69,SI,TRUE,2026-10-29
202286350,3170,96,SI,TRUE,2026-09-02
202286350,3028,85,SI,FALSE,2026-10-21
202286350,3031,71,SI,TRUE,2026-10-25
202286350,3172,55,NO,TRUE,2026-08-21
202286350,3183,81,SI,TRUE,2026-07-16
202286350,3040,97,SI,TRUE,2026-08-11
202286350,3180,89,SI,FALSE,2026-10-31
202286350,3181,54,NO,TRUE,2026-08-29
202286350,3182,91,SI,TRUE,2026-11-24
202286350,3188,69,SI,TRUE,2026-07-27
202286350,3194,75,SI,TRUE,2026-09-16
202286350,3186,98,SI,TRUE,2026-08-15
202286350,3189,69,SI,FALSE,2026-08-18
202286350,3190,91,SI,TRUE,2026-11-10
202286350,3197,82,SI,FALSE,2026-11-27
202286350,3198,75,SI,FALSE,2026-10-04
202286350,3195,100,SI,TRUE,2026-11-05
202286350,3200,79,SI,TRUE,2026-11-21
202286350,3202,67,SI,TRUE,2026-11-06
202286350,3203,97,SI,TRUE,2026-08-24
202286350,3204,87,SI,TRUE,2026-11-13
202268991,3005,81,SI,TRUE,2022-01-25
202268991,3003,88,NO,TRUE,2022-07-22
202268991,3003,100,SI,TRUE,2023-03-19
202268991,3000,52,NO,TRUE,2023-07-20
202268991,3001,79,SI,FALSE,2024-02-23
202268991,3001,55,NO,TRUE,2024-08-16
202268991,3001,70,SI,TRUE,2025-02-13
202268991,3004,76,SI,TRUE,2025-09-08
202268991,3187,69,SI,TRUE,2026-09-18
202268991,3011,89,SI,TRUE,2026-10-17
202268991,3006,50,NO,TRUE,2026-08-13
202268991,3007,89,SI,FALSE,2026-08-25
202268991,3161,59,NO,TRUE,2026-08-11
202268991,3013,77,SI,TRUE,2026-07-21
202268991,3014,99,SI,TRUE,2026-10-02
202268991,3014,76,NO,TRUE,2026-10-19
202268991,3164,65,SI,FALSE,2026-09-03
202268991,3179,44,NO,TRUE,2026-09-15
202268991,3163,46,NO,TRUE,2026-09-30
202268991,3171,94,SI,TRUE,2026-08-14
202268991,3166,90,SI,TRUE,2026-07-25
202268991,3021,62,SI,TRUE,2026-11-28
202268991,3022,67,SI,TRUE,2026-10-17
202268991,3090,44,NO,TRUE,2026-11-21
202268991,3025,81,SI,TRUE,2026-10-10
202268991,3167,40,NO,FALSE,2026-10-30
202268991,3170,92,SI,FALSE,2026-11-17
202268991,3028,46,NO,TRUE,2026-11-02
202268991,3031,63,SI,FALSE,2026-11-09
202268991,3172,85,SI,TRUE,2026-08-23
202268991,3183,67,SI,TRUE,2026-08-29
202268991,3040,86,SI,TRUE,2026-11-25
202268991,3180,81,SI,FALSE,2026-09-22
202268991,3181,79,SI,TRUE,2026-11-29
202268991,3182,89,SI,FALSE,2026-11-15
202268991,3188,69,SI,TRUE,2026-11-03
202268991,3194,92,SI,FALSE,2026-09-21
202268991,3186,60,NO,TRUE,2026-09-15
202268991,3189,93,SI,TRUE,2026-08-06
202268991,3190,57,NO,FALSE,2026-11-07
202268991,3197,55,NO,TRUE,2026-11-10
202268991,3198,76,SI,FALSE,2026-10-20
202268991,3195,61,SI,TRUE,2026-07-22
202268991,3200,71,SI,FALSE,2026-10-06
202268991,3202,51,NO,TRUE,2026-11-16
202268991,3203,53,NO,FALSE,2026-10-13
202268991,3204,91,SI,TRUE,2026-09-19
202268991,3208,61,SI,TRUE,2026-09-24
202268991,3209,96,SI,TRUE,2026-09-23
202268991,3206,75,SI,TRUE,2026-07-17
202268991,3211,73,SI,TRUE,2026-09-01
202268991,3212,45,NO,TRUE,2026-09-14
202268991,3215,86,SI,FALSE,2026-10-27
202268991,3216,71,SI,FALSE,2026-09-14
202268991,3214,84,SI,TRUE,2026-11-13
202268991,3221,81,SI,TRUE,2026-11-17
202268991,3219,68,SI,TRUE,2026-07-19
202268991,3218,45,NO,TRUE,2026-09-28
202268991,3223,54,NO,TRUE,2026-10-26
202441890,3005,91,SI,TRUE,2024-06-07
202441890,3003,100,SI,TRUE,2024-09-30
202441890,3000,45,NO,TRUE,2025-03-19
202441890,3001,47,NO,FALSE,2025-10-29
202441890,3001,78,SI,FALSE,2026-06-16
202441890,3001,90,SI,TRUE,2026-09-10
202441890,3004,89,SI,TRUE,2026-11-25
202441890,3187,64,SI,TRUE,2026-11-07
202441890,3011,98,SI,TRUE,2026-11-05
202441890,3006,59,NO,TRUE,2026-11-01
202441890,3007,59,NO,TRUE,2026-07-30
202441890,3161,79,SI,TRUE,2026-08-09
202441890,3013,100,SI,FALSE,2026-09-06
202441890,3014,80,SI,FALSE,2026-09-07
202441890,3014,56,NO,FALSE,2026-08-04
202441890,3014,50,NO,FALSE,2026-09-14
202441890,3014,51,NO,TRUE,2026-08-03
202441890,3014,50,NO,TRUE,2026-07-15
202441890,3164,66,SI,TRUE,2026-11-07
202441890,3179,84,SI,TRUE,2026-11-12
202441890,3163,58,NO,FALSE,2026-07-23
202441890,3163,54,NO,FALSE,2026-09-26
202441890,3163,85,SI,TRUE,2026-09-25
202441890,3163,84,NO,TRUE,2026-11-08
202441890,3171,44,NO,TRUE,2026-09-12
202441890,3166,99,SI,TRUE,2026-09-20
202441890,3021,90,SI,FALSE,2026-09-03
202441890,3022,67,SI,FALSE,2026-08-13
202441890,3090,74,SI,TRUE,2026-09-10
202441890,3025,81,SI,TRUE,2026-08-22
202441890,3167,98,SI,TRUE,2026-09-21
202441890,3170,92,SI,TRUE,2026-08-20
202441890,3028,44,NO,TRUE,2026-07-30
202441890,3031,50,NO,TRUE,2026-10-01
202441890,3172,78,SI,FALSE,2026-09-26
202441890,3183,68,SI,FALSE,2026-08-15
202441890,3040,69,SI,TRUE,2026-09-30
202441890,3180,84,SI,TRUE,2026-10-26
202441890,3181,100,SI,TRUE,2026-09-22
202441890,3182,72,SI,FALSE,2026-11-30
202474722,3005,80,SI,TRUE,2024-05-07
202474722,3003,88,SI,TRUE,2024-07-28
202474722,3000,53,NO,FALSE,2025-03-24
202474722,3000,75,SI,TRUE,2025-08-17
202474722,3001,99,SI,TRUE,2026-03-29
202474722,3004,68,SI,FALSE,2026-11-16
202474722,3004,47,NO,FALSE,2026-07-22
202474722,3004,80,NO,TRUE,2026-09-14
202474722,3004,85,SI,TRUE,2026-08-24
202474722,3187,59,NO,TRUE,2026-07-18
202474722,3011,75,SI,TRUE,2026-10-27
202474722,3011,45,NO,TRUE,2026-09-10
202474722,3006,93,SI,FALSE,2026-08-13
202474722,3006,69,NO,FALSE,2026-08-14
202474722,3006,81,SI,TRUE,2026-08-23
202474722,3007,71,SI,TRUE,2026-09-27
202474722,3161,72,SI,TRUE,2026-09-22
202474722,3013,66,SI,TRUE,2026-11-15
202474722,3014,70,SI,TRUE,2026-09-15
202474722,3164,69,SI,TRUE,2026-08-21
202474722,3163,64,SI,TRUE,2026-09-01
202474722,3171,98,SI,TRUE,2026-11-22
202474722,3166,87,SI,TRUE,2026-08-18
202474722,3021,95,SI,TRUE,2026-08-01
202474722,3022,57,NO,TRUE,2026-10-29
202474722,3090,61,SI,TRUE,2026-11-21
202474722,3025,57,NO,TRUE,2026-07-15
202474722,3167,58,NO,TRUE,2026-09-29
202474722,3170,93,SI,TRUE,2026-11-17
202474722,3028,95,SI,FALSE,2026-08-22
202474722,3031,68,SI,TRUE,2026-11-29
202474722,3172,70,SI,TRUE,2026-10-11
202453573,3005,83,SI,TRUE,2024-03-28
202453573,3003,54,NO,FALSE,2024-08-07
202453573,3000,67,NO,TRUE,2025-02-09
202453573,3000,88,SI,TRUE,2025-08-09
202453573,3001,68,SI,FALSE,2026-02-26
202453573,3004,84,SI,TRUE,2026-09-29
202453573,3187,97,SI,FALSE,2026-07-22
202453573,3011,42,NO,FALSE,2026-10-06
202453573,3006,90,SI,TRUE,2026-07-29
202453573,3007,58,NO,FALSE,2026-10-14
202453573,3007,63,SI,FALSE,2026-11-02
202453573,3007,49,NO,TRUE,2026-09-15
202453573,3007,73,SI,TRUE,2026-10-28
202453573,3161,76,SI,FALSE,2026-08-30
202453573,3013,50,NO,TRUE,2026-08-28
202453573,3014,45,NO,TRUE,2026-10-20
202453573,3164,79,SI,TRUE,2026-09-14
202453573,3163,71,SI,TRUE,2026-08-20
202453573,3171,54,NO,FALSE,2026-11-10
202453573,3166,80,SI,TRUE,2026-09-18
202453573,3021,69,SI,TRUE,2026-09-18
202453573,3022,82,SI,TRUE,2026-07-17
202453573,3090,97,SI,TRUE,2026-11-11
202453573,3025,97,SI,TRUE,2026-09-26
202453573,3167,83,SI,TRUE,2026-08-24
202453573,3170,44,NO,TRUE,2026-11-05
202453573,3028,100,SI,TRUE,2026-10-11
202453573,3031,77,SI,TRUE,2026-09-29
202453573,3172,80,SI,FALSE,2026-10-31
202642780,3005,54,NO,TRUE,2026-04-15
202642780,3003,54,NO,TRUE,2026-09-01
202642780,3000,79,SI,TRUE,2026-09-17
202642780,3001,83,SI,TRUE,2026-08-19
202642780,3004,80,SI,FALSE,2026-08-08
202692242,3005,91,SI,TRUE,2026-02-13
202692242,3003,69,SI,TRUE,2026-08-03
202692242,3000,49,NO,TRUE,2026-09-10
202692242,3001,51,NO,TRUE,2026-10-24
202692242,3004,94,SI,TRUE,2026-10-16
202621836,3005,48,NO,FALSE,2026-01-26
202621836,3003,100,SI,TRUE,2026-07-24
202621836,3000,59,NO,TRUE,2026-11-18
202621836,3001,47,NO,TRUE,2026-08-08
202621836,3004,55,NO,TRUE,2026-11-29
202227781,3000,67,SI,TRUE,2022-02-11
202227781,3001,71,SI,FALSE,2022-11-05
202227781,3002,44,NO,FALSE,2023-02-04
202227781,3003,60,NO,TRUE,2023-08-21
202227781,3004,44,NO,TRUE,2024-08-16
202227781,3005,57,NO,TRUE,2025-06-23
202227781,3065,80,SI,TRUE,2025-10-06
202227781,3006,64,SI,TRUE,2026-06-16
202227781,3007,73,SI,FALSE,2026-09-28
202227781,3009,69,SI,TRUE,2026-11-21
202227781,3010,78,SI,FALSE,2026-11-02
202227781,3011,46,NO,FALSE,2026-08-13
202227781,3012,94,SI,FALSE,2026-09-08
202227781,3012,67,NO,TRUE,2026-11-07
202227781,3012,96,SI,TRUE,2026-09-11
202227781,3013,66,SI,FALSE,2026-10-09
202227781,3015,92,SI,TRUE,2026-11-08
202227781,3020,65,SI,FALSE,2026-10-29
202227781,3014,86,SI,FALSE,2026-08-08
202227781,3016,60,NO,TRUE,2026-11-01
202227781,3017,60,NO,FALSE,2026-09-18
202227781,3017,63,SI,TRUE,2026-08-23
202227781,3021,83,SI,TRUE,2026-11-13
202227781,3022,44,NO,TRUE,2026-08-07
202227781,3024,93,SI,TRUE,2026-08-05
202227781,3023,45,NO,TRUE,2026-11-02
202227781,3025,46,NO,TRUE,2026-10-18
202227781,3027,91,SI,TRUE,2026-08-17
202227781,3028,75,SI,TRUE,2026-07-30
202227781,3030,77,SI,TRUE,2026-10-07
202227781,3032,82,SI,FALSE,2026-08-15
202227781,3033,66,SI,TRUE,2026-10-13
202227781,3031,95,SI,FALSE,2026-10-31
202227781,3034,95,SI,TRUE,2026-07-28
202227781,3039,58,NO,TRUE,2026-10-02
202227781,3037,62,SI,TRUE,2026-08-10
202227781,3038,76,SI,FALSE,2026-11-21
202227781,3041,53,NO,TRUE,2026-08-23
202227781,3042,82,SI,FALSE,2026-11-15
202227781,3048,54,NO,TRUE,2026-08-11
202227781,3046,62,SI,FALSE,2026-10-17
202227781,3051,47,NO,FALSE,2026-09-24
202227781,3044,76,SI,TRUE,2026-09-10
202227781,3045,91,SI,TRUE,2026-11-01
202227781,3047,94,SI,TRUE,2026-07-21
202227781,3055,78,SI,TRUE,2026-09-21
202227781,3052,41,NO,FALSE,2026-08-30
202227781,3053,57,NO,TRUE,2026-10-02
202227781,3056,98,SI,TRUE,2026-10-09
202227781,3054,62,SI,TRUE,2026-07-16
202227781,3060,51,NO,TRUE,2026-08-20
202227781,3061,76,SI,TRUE,2026-10-25
202227781,3063,44,NO,TRUE,2026-08-20
202227781,3064,87,SI,FALSE,2026-07-22
202227781,3066,45,NO,TRUE,2026-11-27
202227781,3062,53,NO,TRUE,2026-10-19
202265028,3000,72,SI,TRUE,2022-03-05
202265028,3001,97,SI,FALSE,2022-10-12
202265028,3002,62,SI,TRUE,2023-06-29
202265028,3003,92,SI,TRUE,2023-08-21
202265028,3004,55,NO,TRUE,2024-08-10
202265028,3005,49,NO,TRUE,2025-03-21
202265028,3065,52,NO,FALSE,2025-08-28
202265028,3006,78,NO,FALSE,2026-02-23
202265028,3006,88,SI,FALSE,2026-08-03
202265028,3006,51,NO,FALSE,2026-11-18
202265028,3006,69,NO,TRUE,2026-11-06
202265028,3006,83,SI,TRUE,2026-10-05
202265028,3007,95,SI,FALSE,2026-10-03
202265028,3009,49,NO,FALSE,2026-11-04
202265028,3009,44,NO,FALSE,2026-11-12
202265028,3009,68,SI,TRUE,2026-09-30
202265028,3010,90,SI,TRUE,2026-09-23
202265028,3011,77,SI,TRUE,2026-07-29
202265028,3012,62,SI,TRUE,2026-11-21
202265028,3013,44,NO,FALSE,2026-10-02
202265028,3013,69,SI,FALSE,2026-11-07
202265028,3013,42,NO,TRUE,2026-07-29
202265028,3015,63,SI,FALSE,2026-09-26
202265028,3015,44,NO,TRUE,2026-08-07
202265028,3020,79,SI,FALSE,2026-11-21
202265028,3014,64,SI,TRUE,2026-11-10
202265028,3016,77,SI,TRUE,2026-07-25
202265028,3017,68,SI,FALSE,2026-09-01
202265028,3021,60,NO,TRUE,2026-11-13
202265028,3022,72,SI,TRUE,2026-08-22
202265028,3024,43,NO,TRUE,2026-11-07
202265028,3023,46,NO,TRUE,2026-10-10
202265028,3025,85,SI,TRUE,2026-08-05
202265028,3027,72,SI,FALSE,2026-08-28
202265028,3028,42,NO,TRUE,2026-09-16
202265028,3030,85,SI,FALSE,2026-11-04
202265028,3032,68,SI,FALSE,2026-11-26
202265028,3033,73,SI,TRUE,2026-08-24
202265028,3031,63,SI,TRUE,2026-10-18
202265028,3034,98,SI,TRUE,2026-09-25
202265028,3039,64,SI,TRUE,2026-10-27
202265028,3037,89,SI,TRUE,2026-10-09
202265028,3038,83,SI,TRUE,2026-07-28
202265028,3041,90,SI,FALSE,2026-10-08
202265028,3042,44,NO,FALSE,2026-10-07
202265028,3048,46,NO,TRUE,2026-10-21
202265028,3046,58,NO,TRUE,2026-09-17
202265028,3051,86,SI,TRUE,2026-08-22
202265028,3044,61,SI,TRUE,2026-08-04
202265028,3045,77,SI,TRUE,2026-08-20
202265028,3047,98,SI,FALSE,2026-10-12
202265028,3055,59,NO,TRUE,2026-10-23
202265028,3052,48,NO,FALSE,2026-08-05
202265028,3053,59,NO,TRUE,2026-10-19
202265028,3056,81,SI,TRUE,2026-10-07
202265028,3054,92,SI,TRUE,2026-08-16
202265028,3060,82,SI,TRUE,2026-11-26
202265028,3061,45,NO,TRUE,2026-10-31
202265028,3063,72,SI,TRUE,2026-10-15
202265028,3064,41,NO,FALSE,2026-10-15
202265028,3066,59,NO,TRUE,2026-08-30
202265028,3062,100,SI,FALSE,2026-09-07
202254791,3000,56,NO,TRUE,2022-03-11
202254791,3001,93,SI,FALSE,2022-08-22
202254791,3001,75,NO,FALSE,2023-06-19
202254791,3001,73,SI,TRUE,2023-10-31
202254791,3002,47,NO,TRUE,2024-03-28
202254791,3003,55,NO,TRUE,2024-09-30
202254791,3004,47,NO,FALSE,2025-07-27
202254791,3005,55,NO,FALSE,2026-05-02
202254791,3065,80,SI,TRUE,2026-11-09
202254791,3006,44,NO,TRUE,2026-08-12
202254791,3007,93,SI,TRUE,2026-11-19
202254791,3009,78,SI,FALSE,2026-11-29
202254791,3010,41,NO,TRUE,2026-11-23
202254791,3011,76,NO,TRUE,2026-09-14
202254791,3011,85,SI,TRUE,2026-08-20
202254791,3012,58,NO,TRUE,2026-11-01
202254791,3012,40,NO,TRUE,2026-10-13
202254791,3013,55,NO,TRUE,2026-10-29
202254791,3015,51,NO,TRUE,2026-08-05
202254791,3020,73,SI,TRUE,2026-10-15
202254791,3014,44,NO,TRUE,2026-11-26
202254791,3016,74,SI,TRUE,2026-11-21
202254791,3017,90,SI,TRUE,2026-11-21
202254791,3021,75,SI,TRUE,2026-07-20
202254791,3022,64,SI,FALSE,2026-11-12
202254791,3024,42,NO,TRUE,2026-10-22
202254791,3023,63,SI,TRUE,2026-09-17
202254791,3025,87,SI,TRUE,2026-07-19
202254791,3027,62,SI,TRUE,2026-08-01
202254791,3028,62,SI,FALSE,2026-09-14
202254791,3030,86,SI,TRUE,2026-08-10
202254791,3032,89,SI,TRUE,2026-10-08
202254791,3033,48,NO,TRUE,2026-07-26
202254791,3031,62,SI,TRUE,2026-10-09
202254791,3034,92,SI,TRUE,2026-08-28
202254791,3039,93,SI,TRUE,2026-11-10
202254791,3037,84,SI,FALSE,2026-11-14
202254791,3038,80,SI,TRUE,2026-08-30
202254791,3041,91,SI,TRUE,2026-08-18
202254791,3042,44,NO,FALSE,2026-11-09
202254791,3048,42,NO,TRUE,2026-09-28
202254791,3046,52,NO,TRUE,2026-07-26
202254791,3051,90,SI,FALSE,2026-09-04
202254791,3044,96,SI,FALSE,2026-07-25
202254791,3045,60,NO,TRUE,2026-10-02
202254791,3047,72,SI,FALSE,2026-10-24
202254791,3055,92,SI,TRUE,2026-11-13
202254791,3052,56,NO,TRUE,2026-07-24
202254791,3053,88,SI,FALSE,2026-09-01
202254791,3056,58,NO,TRUE,2026-10-14
202254791,3054,95,SI,TRUE,2026-07-27
202254791,3060,95,SI,TRUE,2026-10-07
202254791,3061,57,NO,TRUE,2026-08-15
202254791,3063,91,SI,FALSE,2026-10-17
202254791,3064,67,SI,TRUE,2026-10-25
202254791,3066,87,SI,TRUE,2026-11-04
202254791,3062,97,SI,TRUE,2026-10-21
202254791,3069,61,SI,FALSE,2026-08-31
202254791,3070,71,SI,TRUE,2026-11-19
202254791,3076,63,SI,TRUE,2026-11-24
202254791,3071,57,NO,FALSE,2026-08-05
202254791,3072,86,SI,FALSE,2026-10-31
202220345,3000,48,NO,TRUE,2022-03-16
202220345,3001,90,SI,FALSE,2022-11-18
202220345,3001,41,NO,TRUE,2023-04-17
202220345,3002,75,SI,TRUE,2023-10-17
202220345,3003,69,SI,TRUE,2024-06-04
202220345,3004,48,NO,FALSE,2024-08-06
202220345,3005,44,NO,FALSE,2025-04-04
202220345,3065,65,SI,TRUE,2026-05-17
202220345,3006,73,SI,TRUE,2026-10-28
202220345,3007,89,SI,TRUE,2026-10-27
202220345,3009,92,SI,FALSE,2026-08-02
202220345,3009,48,NO,FALSE,2026-10-04
202220345,3009,81,SI,TRUE,2026-08-02
202220345,3009,68,NO,TRUE,2026-11-11
202220345,3010,83,SI,FALSE,2026-11-24
202220345,3011,62,SI,TRUE,2026-08-16
202220345,3012,96,SI,TRUE,2026-08-30
202220345,3013,89,SI,TRUE,2026-08-17
202220345,3015,67,NO,FALSE,2026-11-20
202220345,3015,98,SI,FALSE,2026-07-29
202220345,3015,93,NO,FALSE,2026-08-15
202220345,3015,73,SI,TRUE,2026-08-23
202220345,3015,59,NO,TRUE,2026-08-26
202220345,3020,50,NO,TRUE,2026-10-05
202220345,3014,99,SI,TRUE,2026-09-10
202220345,3014,62,NO,TRUE,2026-11-24
202220345,3016,97,SI,TRUE,2026-09-25
202220345,3017,94,SI,TRUE,2026-08-04
202220345,3021,56,NO,TRUE,2026-09-03
202220345,3022,80,SI,TRUE,2026-09-23
202220345,3024,48,NO,TRUE,2026-09-30
202220345,3023,79,SI,TRUE,2026-11-28
202220345,3025,45,NO,TRUE,2026-11-20
202220345,3027,81,SI,FALSE,2026-08-27
202220345,3028,77,SI,FALSE,2026-08-23
202220345,3030,50,NO,TRUE,2026-10-09
202220345,3032,93,SI,TRUE,2026-07-25
202220345,3033,92,SI,TRUE,2026-07-22
202220345,3031,45,NO,TRUE,2026-07-26
202220345,3034,100,SI,TRUE,2026-09-20
202220345,3039,81,SI,TRUE,2026-09-06
202220345,3037,89,SI,TRUE,2026-10-29
202220345,3038,79,SI,TRUE,2026-07-22
202220345,3041,71,SI,TRUE,2026-09-27
202220345,3042,81,SI,TRUE,2026-09-30
202220345,3048,70,SI,TRUE,2026-09-15
202220345,3046,91,SI,FALSE,2026-10-26
202220345,3051,59,NO,TRUE,2026-11-08
202220345,3044,44,NO,TRUE,2026-07-30
202220345,3045,50,NO,TRUE,2026-11-04
202220345,3047,66,SI,TRUE,2026-11-15
202220345,3055,69,SI,FALSE,2026-09-05
202220345,3052,61,SI,TRUE,2026-08-20
202220345,3053,60,NO,TRUE,2026-10-04
202220345,3056,86,SI,TRUE,2026-10-11
202220345,3054,65,SI,TRUE,2026-08-17
202220345,3060,88,SI,FALSE,2026-10-17
202220345,3061,72,SI,TRUE,2026-08-11
202220345,3063,60,NO,TRUE,2026-09-14
202220345,3064,69,SI,TRUE,2026-08-15
202220345,3066,57,NO,TRUE,2026-11-07
202220345,3062,55,NO,TRUE,2026-08-20
202220345,3069,46,NO,TRUE,2026-07-27
202220345,3070,58,NO,TRUE,2026-10-21
202220345,3076,95,SI,TRUE,2026-10-30
202220345,3071,55,NO,FALSE,2026-08-24
202220345,3072,92,SI,FALSE,2026-10-06
202485718,3000,72,SI,FALSE,2024-02-19
202485718,3000,60,NO,FALSE,2024-10-04
202485718,3000,50,NO,TRUE,2025-04-25
202485718,3000,79,SI,TRUE,2025-09-29
202485718,3001,77,SI,FALSE,2026-04-11
202485718,3001,72,NO,FALSE,2026-11-22
202485718,3001,74,SI,TRUE,2026-11-17
202485718,3002,85,SI,TRUE,2026-09-29
202485718,3003,70,SI,TRUE,2026-07-19
202485718,3004,63,SI,TRUE,2026-10-07
202485718,3005,83,SI,TRUE,2026-08-12
202485718,3006,66,SI,TRUE,2026-10-01
202485718,3007,90,SI,FALSE,2026-07-21
202485718,3009,78,SI,TRUE,2026-11-13
202485718,3010,56,NO,FALSE,2026-09-11
202485718,3010,86,SI,FALSE,2026-07-28
202485718,3010,77,NO,TRUE,2026-11-14
202485718,3010,50,NO,TRUE,2026-11-26
202485718,3010,80,SI,TRUE,2026-10-20
202485718,3011,49,NO,TRUE,2026-09-15
202485718,3012,42,NO,TRUE,2026-08-12
202485718,3013,52,NO,TRUE,2026-07-19
202485718,3015,68,SI,FALSE,2026-10-03
202485718,3015,66,NO,FALSE,2026-08-22
202485718,3015,66,NO,TRUE,2026-09-05
202485718,3015,66,NO,TRUE,2026-11-20
202485718,3015,89,SI,TRUE,2026-11-12
202485718,3020,95,SI,FALSE,2026-07-30
202485718,3014,85,SI,FALSE,2026-08-19
202485718,3014,73,NO,FALSE,2026-09-06
202485718,3014,75,NO,TRUE,2026-10-06
202485718,3014,82,SI,TRUE,2026-11-14
202485718,3014,73,NO,TRUE,2026-10-19
202485718,3016,60,NO,TRUE,2026-08-28
202485718,3017,69,SI,TRUE,2026-11-28
202485718,3021,61,SI,TRUE,2026-10-13
202485718,3022,83,SI,TRUE,2026-09-20
202485718,3024,79,SI,TRUE,2026-11-15
202485718,3023,52,NO,FALSE,2026-09-16
202485718,3025,57,NO,TRUE,2026-09-29
202485718,3027,54,NO,TRUE,2026-09-29
202485718,3028,89,SI,FALSE,2026-09-26
202485718,3030,85,SI,FALSE,2026-09-06
202485718,3032,84,SI,TRUE,2026-11-17
202485718,3033,60,NO,TRUE,2026-11-14
202485718,3031,62,SI,TRUE,2026-09-23
202485718,3034,58,NO,TRUE,2026-08-15
202485166,3000,87,SI,TRUE,2024-01-24
202485166,3001,98,SI,TRUE,2024-08-28
202485166,3002,66,SI,TRUE,2025-03-01
202485166,3003,99,SI,FALSE,2025-07-24
202485166,3004,93,SI,TRUE,2026-10-24
202485166,3005,90,SI,TRUE,2026-11-18
202485166,3006,51,NO,FALSE,2026-09-27
202485166,3007,96,SI,FALSE,2026-07-24
202485166,3007,40,NO,FALSE,2026-09-29
202485166,3007,76,NO,TRUE,2026-08-11
202485166,3007,99,SI,TRUE,2026-10-08
202485166,3009,58,NO,FALSE,2026-11-08
202485166,3010,81,SI,TRUE,2026-11-26
202485166,3011,71,SI,TRUE,2026-08-18
202485166,3012,94,SI,TRUE,2026-11-21
202485166,3013,69,SI,TRUE,2026-09-22
202485166,3015,52,NO,TRUE,2026-08-12
202485166,3020,61,SI,TRUE,2026-08-25
202485166,3014,86,SI,FALSE,2026-11-09
202485166,3016,81,SI,TRUE,2026-09-18
202485166,3017,85,SI,FALSE,2026-08-31
202485166,3017,40,NO,TRUE,2026-10-09
202485166,3021,90,SI,TRUE,2026-09-28
202485166,3022,76,SI,FALSE,2026-09-02
202485166,3024,51,NO,TRUE,2026-10-26
202485166,3023,92,SI,TRUE,2026-11-01
202485166,3025,72,SI,FALSE,2026-10-06
202421368,3000,71,SI,FALSE,2024-02-07
202421368,3001,97,SI,FALSE,2024-11-22
202421368,3001,68,NO,FALSE,2025-01-29
202421368,3001,69,SI,TRUE,2025-08-17
202421368,3002,72,SI,TRUE,2026-05-01
202421368,3003,69,NO,FALSE,2026-07-29
202421368,3003,75,SI,FALSE,2026-11-10
202421368,3003,83,SI,TRUE,2026-10-01
202421368,3004,86,SI,TRUE,2026-07-20
202421368,3005,65,SI,FALSE,2026-09-18
202421368,3006,92,SI,TRUE,2026-07-15
202421368,3007,87,SI,TRUE,2026-09-08
202421368,3007,77,NO,TRUE,2026-08-02
202421368,3009,42,NO,FALSE,2026-10-31
202421368,3010,62,SI,TRUE,2026-07-31
202421368,3011,74,SI,TRUE,2026-07-30
202421368,3012,99,SI,TRUE,2026-08-01
202421368,3013,99,SI,TRUE,2026-11-12
202421368,3015,42,NO,TRUE,2026-09-26
202421368,3020,66,SI,TRUE,2026-08-30
202421368,3014,89,SI,TRUE,2026-08-18
202421368,3016,89,SI,FALSE,2026-10-30
202421368,3017,63,SI,FALSE,2026-10-20
202421368,3017,68,SI,TRUE,2026-10-19
202421368,3017,64,NO,TRUE,2026-08-04
202421368,3021,83,SI,TRUE,2026-11-30
202421368,3022,48,NO,TRUE,2026-10-12
202421368,3024,47,NO,TRUE,2026-08-29
202421368,3023,74,SI,TRUE,2026-10-23
202421368,3025,73,SI,TRUE,2026-08-16
202421368,3027,86,SI,TRUE,2026-09-10
202421368,3028,93,SI,TRUE,2026-07-15
202421368,3030,88,SI,FALSE,2026-07-20
202421368,3032,59,NO,TRUE,2026-11-10
202421368,3033,83,SI,TRUE,2026-10-31
202421368,3031,74,SI,FALSE,2026-10-20
202421368,3034,92,SI,TRUE,2026-09-11
202421368,3039,55,NO,FALSE,2026-11-09
202421368,3037,62,SI,TRUE,2026-08-23
202421368,3038,57,NO,TRUE,2026-09-01
202421368,3041,99,SI,TRUE,2026-08-12
202421368,3042,42,NO,TRUE,2026-10-30
202690599,3000,55,NO,FALSE,2026-04-02
202690599,3001,96,SI,TRUE,2026-08-20
202690599,3002,82,SI,TRUE,2026-11-25
202690599,3003,54,NO,TRUE,2026-10-28
202690599,3004,59,NO,TRUE,2026-09-23
202690599,3005,43,NO,TRUE,2026-08-28
202692050,3000,53,NO,TRUE,2026-04-09
202692050,3001,81,SI,TRUE,2026-08-04
202692050,3002,99,SI,TRUE,2026-11-07
202692050,3003,94,SI,TRUE,2026-10-17
202692050,3004,45,NO,FALSE,2026-11-29
202692050,3005,86,SI,FALSE,2026-09-01
202616755,3000,69,SI,TRUE,2026-05-31
202616755,3001,81,SI,TRUE,2026-10-14
202616755,3002,59,NO,TRUE,2026-09-19
202616755,3003,63,SI,FALSE,2026-11-23
202616755,3004,96,SI,TRUE,2026-11-19
202616755,3005,69,SI,TRUE,2026-08-09
202271537,3000,63,SI,TRUE,2022-04-28
202271537,3001,69,SI,TRUE,2022-09-15
202271537,3003,84,SI,TRUE,2023-03-13
202271537,3004,59,NO,TRUE,2023-08-04
202271537,3005,81,SI,TRUE,2024-06-29
202271537,3006,88,SI,FALSE,2025-01-23
202271537,3006,45,NO,TRUE,2025-10-26
202271537,3007,64,SI,FALSE,2026-04-21
202271537,3011,75,SI,TRUE,2026-11-13
202271537,3011,43,NO,TRUE,2026-07-17
202271537,3084,84,SI,FALSE,2026-08-27
202271537,3084,45,NO,FALSE,2026-11-19
202271537,3084,94,SI,TRUE,2026-11-03
202271537,3084,81,NO,TRUE,2026-10-07
202271537,3013,76,SI,TRUE,2026-08-08
202271537,3020,97,SI,TRUE,2026-11-27
202271537,3014,98,SI,TRUE,2026-07-25
202271537,3021,54,NO,FALSE,2026-09-07
202271537,3022,97,SI,FALSE,2026-11-13
202271537,3090,57,NO,TRUE,2026-07-26
202271537,3023,99,SI,TRUE,2026-08-03
202271537,3025,83,SI,TRUE,2026-09-24
202271537,3027,97,SI,TRUE,2026-07-23
202271537,3091,51,NO,TRUE,2026-10-03
202271537,3033,41,NO,TRUE,2026-09-06
202271537,3092,77,SI,FALSE,2026-08-20
202271537,3032,88,SI,TRUE,2026-10-24
202271537,3034,99,SI,FALSE,2026-08-03
202271537,3029,59,NO,TRUE,2026-08-25
202271537,3031,76,SI,TRUE,2026-09-14
202271537,3093,76,SI,TRUE,2026-10-22
202271537,3041,83,SI,TRUE,2026-11-30
202271537,3049,61,SI,TRUE,2026-10-21
202271537,3042,88,SI,TRUE,2026-08-19
202271537,3096,90,SI,TRUE,2026-08-04
202271537,3040,72,SI,FALSE,2026-10-11
202271537,3100,43,NO,TRUE,2026-08-09
202271537,3103,67,SI,FALSE,2026-09-12
202271537,3050,93,SI,TRUE,2026-08-03
202271537,3097,61,SI,TRUE,2026-10-24
202271537,3095,89,SI,TRUE,2026-10-06
202271537,3102,41,NO,FALSE,2026-09-22
202271537,3108,90,SI,TRUE,2026-11-07
202271537,3057,71,SI,TRUE,2026-09-11
202271537,3059,62,SI,TRUE,2026-10-19
202271537,3104,67,SI,TRUE,2026-08-31
202271537,3106,83,SI,FALSE,2026-10-20
202271537,3101,45,NO,FALSE,2026-09-28
202271537,3105,91,SI,FALSE,2026-09-16
202271537,3114,85,SI,FALSE,2026-08-02
202271537,3107,45,NO,TRUE,2026-09-21
202271537,3112,49,NO,TRUE,2026-10-20
202271537,3113,85,SI,TRUE,2026-08-23
202271537,3115,87,SI,TRUE,2026-10-22
202251507,3000,65,SI,FALSE,2022-04-06
202251507,3001,58,NO,TRUE,2022-11-17
202251507,3003,76,SI,TRUE,2023-03-18
202251507,3004,60,NO,FALSE,2023-10-19
202251507,3005,57,NO,TRUE,2024-04-24
202251507,3006,63,SI,FALSE,2025-02-13
202251507,3006,99,SI,TRUE,2025-09-04
202251507,3006,77,NO,TRUE,2026-06-03
202251507,3007,51,NO,TRUE,2026-07-21
202251507,3011,100,SI,FALSE,2026-11-10
202251507,3084,100,SI,TRUE,2026-09-06
202251507,3013,68,NO,FALSE,2026-09-27
202251507,3013,93,SI,FALSE,2026-08-01
202251507,3013,92,SI,TRUE,2026-10-27
202251507,3013,83,NO,TRUE,2026-11-19
202251507,3020,48,NO,FALSE,2026-09-30
202251507,3014,55,NO,TRUE,2026-09-17
202251507,3021,82,SI,TRUE,2026-08-23
202251507,3022,85,SI,FALSE,2026-10-31
202251507,3090,90,SI,TRUE,2026-10-19
202251507,3023,44,NO,TRUE,2026-11-06
202251507,3025,78,SI,TRUE,2026-11-14
202251507,3027,77,SI,FALSE,2026-10-25
202251507,3091,74,SI,TRUE,2026-11-21
202251507,3033,99,SI,FALSE,2026-10-30
202251507,3092,74,SI,TRUE,2026-07-24
202251507,3032,90,SI,TRUE,2026-10-15
202251507,3034,84,SI,FALSE,2026-11-29
202251507,3029,78,SI,FALSE,2026-08-05
202251507,3031,46,NO,TRUE,2026-09-16
202251507,3093,82,SI,TRUE,2026-10-13
202251507,3041,50,NO,TRUE,2026-07-26
202251507,3049,76,SI,TRUE,2026-10-25
202251507,3042,88,SI,TRUE,2026-10-07
202251507,3096,90,SI,TRUE,2026-11-02
202251507,3040,46,NO,TRUE,2026-07-17
202251507,3100,46,NO,TRUE,2026-09-19
202251507,3050,54,NO,TRUE,2026-11-22
202251507,3097,87,SI,TRUE,2026-11-24
202251507,3095,75,SI,FALSE,2026-09-09
202251507,3102,68,SI,TRUE,2026-10-18
202251507,3057,65,SI,TRUE,2026-11-10
202251507,3059,89,SI,FALSE,2026-11-20
202251507,3101,49,NO,TRUE,2026-10-11
202213219,3000,77,NO,FALSE,2022-02-05
202213219,3000,83,SI,FALSE,2022-08-18
202213219,3000,60,NO,TRUE,2023-02-14
202213219,3000,55,NO,TRUE,2023-10-01
202213219,3000,47,NO,TRUE,2024-03-01
202213219,3001,63,SI,FALSE,2024-08-20
202213219,3003,72,SI,TRUE,2025-04-24
202213219,3004,66,SI,FALSE,2025-08-19
202213219,3005,76,SI,FALSE,2026-04-23
202213219,3005,67,NO,FALSE,2026-08-31
202213219,3005,71,NO,TRUE,2026-11-29
202213219,3005,84,SI,TRUE,2026-08-28
202213219,3006,75,SI,TRUE,2026-08-26
202213219,3007,71,SI,TRUE,2026-09-26
202213219,3011,48,NO,TRUE,2026-08-31
202213219,3084,60,NO,TRUE,2026-11-07
202213219,3013,79,SI,TRUE,2026-07-28
202213219,3020,95,SI,TRUE,2026-10-14
202213219,3014,100,SI,TRUE,2026-07-17
202213219,3021,71,SI,TRUE,2026-08-18
202213219,3022,52,NO,TRUE,2026-10-21
202213219,3090,75,SI,FALSE,2026-11-21
202213219,3023,81,SI,TRUE,2026-11-18
202213219,3025,66,SI,TRUE,2026-11-17
202213219,3027,66,SI,TRUE,2026-11-05
202213219,3091,71,SI,TRUE,2026-08-26
202213219,3033,45,NO,TRUE,2026-07-22
202213219,3092,90,SI,TRUE,2026-09-09
202213219,3032,58,NO,FALSE,2026-07-23
202213219,3034,57,NO,FALSE,2026-09-10
202213219,3029,74,SI,TRUE,2026-09-26
202213219,3031,50,NO,TRUE,2026-11-09
202213219,3093,76,SI,TRUE,2026-11-18
202213219,3041,75,SI,TRUE,2026-11-22
202213219,3049,47,NO,TRUE,2026-08-13
202213219,3042,57,NO,TRUE,2026-10-16
202213219,3096,74,SI,TRUE,2026-07-25
202213219,3040,88,SI,FALSE,2026-11-04
202213219,3100,74,SI,FALSE,2026-09-08
202213219,3103,67,SI,TRUE,2026-08-10
202213219,3050,87,SI,TRUE,2026-09-16
202213219,3097,59,NO,TRUE,2026-07-23
202213219,3095,68,SI,TRUE,2026-09-20
202213219,3102,62,SI,TRUE,2026-08-06
202213219,3108,68,SI,TRUE,2026-08-14
202213219,3057,89,SI,FALSE,2026-09-13
202213219,3059,53,NO,TRUE,2026-10-12
202213219,3104,95,SI,TRUE,2026-11-01
202213219,3106,50,NO,FALSE,2026-08-19
202213219,3101,90,SI,TRUE,2026-09-05
202213219,3105,92,SI,TRUE,2026-09-05
202213219,3107,91,SI,TRUE,2026-07-30
202284720,3000,99,SI,TRUE,2022-02-24
202284720,3001,68,SI,FALSE,2022-11-08
202284720,3003,40,NO,TRUE,2023-05-04
202284720,3004,52,NO,TRUE,2023-08-17
202284720,3005,96,SI,TRUE,2024-06-29
202284720,3006,59,NO,FALSE,2024-08-24
202284720,3006,95,SI,FALSE,2025-03-26
202284720,3006,45,NO,TRUE,2025-10-15
202284720,3006,56,NO,TRUE,2026-02-05
202284720,3006,63,SI,TRUE,2026-08-26
202284720,3007,43,NO,TRUE,2026-10-24
202284720,3011,80,SI,TRUE,2026-10-01
202284720,3084,86,SI,FALSE,2026-09-12
202284720,3013,67,SI,TRUE,2026-08-07
202284720,3020,85,SI,TRUE,2026-08-08
202284720,3014,40,NO,FALSE,2026-09-07
202284720,3014,70,SI,TRUE,2026-08-03
202284720,3021,48,NO,TRUE,2026-09-10
202284720,3022,73,SI,TRUE,2026-11-05
202284720,3090,40,NO,TRUE,2026-07-17
202284720,3023,84,SI,TRUE,2026-10-10
202284720,3025,92,SI,TRUE,2026-08-14
202284720,3027,95,SI,FALSE,2026-10-31
202284720,3091,84,SI,TRUE,2026-08-17
202284720,3033,70,SI,TRUE,2026-08-02
202284720,3092,54,NO,TRUE,2026-10-21
202284720,3032,45,NO,TRUE,2026-08-10
202284720,3034,46,NO,TRUE,2026-10-03
202284720,3029,63,SI,TRUE,2026-09-29
202284720,3031,48,NO,TRUE,2026-10-20
202284720,3093,89,SI,TRUE,2026-08-18
202284720,3041,81,SI,TRUE,2026-08-20
202284720,3049,44,NO,TRUE,2026-11-27
202284720,3042,76,SI,TRUE,2026-07-17
202284720,3096,79,SI,TRUE,2026-08-26
202284720,3040,68,SI,FALSE,2026-10-12
202284720,3100,86,SI,TRUE,2026-09-07
202284720,3050,80,SI,TRUE,2026-08-22
202284720,3097,98,SI,TRUE,2026-10-28
202284720,3095,79,SI,TRUE,2026-11-05
202284720,3102,95,SI,FALSE,2026-09-08
202284720,3057,45,NO,TRUE,2026-08-09
202284720,3059,48,NO,TRUE,2026-08-15
202284720,3101,77,SI,FALSE,2026-10-21
202456076,3000,84,SI,FALSE,2024-04-26
202456076,3001,45,NO,TRUE,2024-11-29
202456076,3003,74,SI,TRUE,2025-06-21
202456076,3004,49,NO,FALSE,2025-09-24
202456076,3004,45,NO,FALSE,2026-04-04
202456076,3004,45,NO,FALSE,2026-11-22
202456076,3004,98,SI,TRUE,2026-09-05
202456076,3004,91,NO,TRUE,2026-08-23
202456076,3005,74,SI,TRUE,2026-10-06
202456076,3006,65,SI,TRUE,2026-07-31
202456076,3007,59,NO,FALSE,2026-11-03
202456076,3011,86,SI,TRUE,2026-09-14
202456076,3084,43,NO,TRUE,2026-09-15
202456076,3013,45,NO,TRUE,2026-11-03
202456076,3020,47,NO,TRUE,2026-11-08
202456076,3014,79,SI,TRUE,2026-07-29
202456076,3021,59,NO,TRUE,2026-08-28
202456076,3022,47,NO,FALSE,2026-07-18
202456076,3090,85,SI,FALSE,2026-08-19
202456076,3023,84,SI,TRUE,2026-07-17
202456076,3025,50,NO,FALSE,2026-11-19
202456076,3027,100,SI,FALSE,2026-10-11
202456076,3091,73,SI,TRUE,2026-11-24
202456076,3033,90,SI,TRUE,2026-09-19
202456076,3092,50,NO,TRUE,2026-10-18
202456076,3034,48,NO,TRUE,2026-09-21
202456076,3029,86,SI,TRUE,2026-08-14
202413847,3000,58,NO,FALSE,2024-04-03
202413847,3001,60,NO,TRUE,2024-08-06
202413847,3003,75,SI,FALSE,2025-05-11
202413847,3004,40,NO,TRUE,2025-10-17
202413847,3004,52,NO,TRUE,2026-03-30
202413847,3005,76,SI,TRUE,2026-09-30
202413847,3006,87,SI,TRUE,2026-09-15
202413847,3007,69,SI,FALSE,2026-10-17
202413847,3011,77,SI,TRUE,2026-11-18
202413847,3084,89,SI,FALSE,2026-09-03
202413847,3084,86,NO,FALSE,2026-09-15
202413847,3084,49,NO,FALSE,2026-07-16
202413847,3084,99,SI,TRUE,2026-10-27
202413847,3084,41,NO,TRUE,2026-09-12
202413847,3013,74,SI,TRUE,2026-10-11
202413847,3020,80,SI,TRUE,2026-07-17
202413847,3014,100,SI,TRUE,2026-10-08
202413847,3021,40,NO,TRUE,2026-10-19
202413847,3022,94,SI,TRUE,2026-10-01
202413847,3090,46,NO,TRUE,2026-09-05
202413847,3023,73,SI,TRUE,2026-09-13
202413847,3025,66,SI,TRUE,2026-11-17
202413847,3027,43,NO,FALSE,2026-08-20
202413847,3091,85,SI,TRUE,2026-09-24
202413847,3033,45,NO,TRUE,2026-07-26
202413847,3092,98,SI,TRUE,2026-09-12
202413847,3032,97,SI,FALSE,2026-11-25
202413847,3034,66,SI,TRUE,2026-10-18
202413847,3029,69,SI,TRUE,2026-08-05
202413847,3031,77,SI,TRUE,2026-08-08
202413847,3093,72,SI,FALSE,2026-08-18
202413847,3042,80,SI,TRUE,2026-10-23
202419808,3000,62,SI,TRUE,2024-04-25
202419808,3001,72,SI,FALSE,2024-07-27
202419808,3003,83,SI,FALSE,2025-04-01
202419808,3003,56,NO,TRUE,2025-08-28
202419808,3004,41,NO,TRUE,2026-04-28
202419808,3005,94,SI,FALSE,2026-11-07
202419808,3006,75,SI,TRUE,2026-09-16
202419808,3007,46,NO,TRUE,2026-11-10
202419808,3011,46,NO,FALSE,2026-08-19
202419808,3011,47,NO,FALSE,2026-07-18
202419808,3011,43,NO,TRUE,2026-09-09
202419808,3011,48,NO,TRUE,2026-09-03
202419808,3011,92,SI,TRUE,2026-10-25
202419808,3084,63,SI,FALSE,2026-08-05
202419808,3013,77,SI,TRUE,2026-09-19
202419808,3020,98,SI,TRUE,2026-08-03
202419808,3014,41,NO,TRUE,2026-07-31
202419808,3021,52,NO,TRUE,2026-11-05
202419808,3022,91,SI,FALSE,2026-08-16
202419808,3090,45,NO,TRUE,2026-10-07
202419808,3023,47,NO,FALSE,2026-07-25
202419808,3025,100,SI,TRUE,2026-11-10
202616637,3000,48,NO,TRUE,2026-05-02
202616637,3001,52,NO,TRUE,2026-11-26
202616637,3003,55,NO,TRUE,2026-07-19
202616637,3004,64,SI,FALSE,2026-10-14
202616637,3005,70,SI,TRUE,2026-11-16
202655093,3000,100,SI,TRUE,2026-03-12
202655093,3001,76,SI,TRUE,2026-10-22
202655093,3003,62,SI,TRUE,2026-08-28
202655093,3004,51,NO,TRUE,2026-09-13
202655093,3005,77,SI,FALSE,2026-10-04
202657026,3000,51,NO,TRUE,2026-04-07
202657026,3001,43,NO,TRUE,2026-07-20
202657026,3003,49,NO,TRUE,2026-08-20
202657026,3004,89,SI,TRUE,2026-08-12
202657026,3005,94,SI,TRUE,2026-11-26
202257826,3003,44,NO,FALSE,2022-01-23
202257826,3000,58,NO,FALSE,2022-07-20
202257826,3005,60,NO,TRUE,2023-03-22
202257826,3011,100,SI,TRUE,2023-08-10
202257826,3006,44,NO,FALSE,2024-10-10
202257826,3006,50,NO,FALSE,2025-04-21
202257826,3006,50,NO,FALSE,2025-08-03
202257826,3006,75,SI,TRUE,2026-02-07
202257826,3006,61,NO,TRUE,2026-11-15
202257826,3231,85,SI,FALSE,2026-07-22
202257826,3007,67,SI,FALSE,2026-08-26
202257826,3007,78,SI,TRUE,2026-11-03
202257826,3013,50,NO,TRUE,2026-07-28
202257826,3232,46,NO,TRUE,2026-10-07
202257826,3233,53,NO,FALSE,2026-09-01
202257826,3234,66,SI,FALSE,2026-11-30
202257826,3234,56,NO,FALSE,2026-09-25
202257826,3234,59,NO,TRUE,2026-09-13
202257826,3234,46,NO,TRUE,2026-07-27
202257826,3234,65,SI,TRUE,2026-11-17
202257826,3014,49,NO,TRUE,2026-07-28
202257826,3021,63,SI,FALSE,2026-07-15
202257826,3022,67,SI,TRUE,2026-08-06
202257826,3090,58,NO,FALSE,2026-11-14
202257826,3235,52,NO,TRUE,2026-08-08
202257826,3236,41,NO,FALSE,2026-09-05
202257826,3238,50,NO,TRUE,2026-09-27
202257826,3023,45,NO,FALSE,2026-11-13
202257826,3027,94,SI,TRUE,2026-08-13
202257826,3028,59,NO,TRUE,2026-10-24
202257826,3244,70,SI,TRUE,2026-11-17
202257826,3239,97,SI,TRUE,2026-09-20
202257826,3241,45,NO,TRUE,2026-10-22
202257826,3243,51,NO,FALSE,2026-10-17
202257826,3240,96,SI,FALSE,2026-10-20
202257826,3242,63,SI,TRUE,2026-08-31
202257826,3245,68,SI,FALSE,2026-07-26
202257826,3247,56,NO,FALSE,2026-11-04
202257826,3249,69,SI,TRUE,2026-09-20
202257826,3246,54,NO,TRUE,2026-09-21
202257826,3248,76,SI,TRUE,2026-07-30
202257826,3253,49,NO,TRUE,2026-08-08
202257826,3250,45,NO,TRUE,2026-10-11
202257826,3251,91,SI,TRUE,2026-11-30
202257826,3252,66,SI,TRUE,2026-09-11
202257826,3254,75,SI,FALSE,2026-07-30
202257826,3258,93,SI,TRUE,2026-10-22
202257826,3255,92,SI,TRUE,2026-11-25
202257826,3257,66,SI,TRUE,2026-11-29
202257826,3259,83,SI,TRUE,2026-11-13
202257826,3256,76,SI,FALSE,2026-09-13
202272424,3003,93,SI,TRUE,2022-05-20
202272424,3000,94,SI,FALSE,2022-08-09
202272424,3005,95,SI,TRUE,2023-03-14
202272424,3011,48,NO,TRUE,2023-09-29
202272424,3006,87,SI,FALSE,2024-05-07
202272424,3006,89,SI,TRUE,2024-10-05
202272424,3231,57,NO,FALSE,2025-05-01
202272424,3231,78,SI,FALSE,2025-08-06
202272424,3231,52,NO,TRUE,2026-05-08
202272424,3007,53,NO,TRUE,2026-10-27
202272424,3013,87,SI,TRUE,2026-11-16
202272424,3232,88,SI,FALSE,2026-11-24
202272424,3233,95,SI,TRUE,2026-10-18
202272424,3234,92,SI,TRUE,2026-07-29
202272424,3014,72,SI,FALSE,2026-08-24
202272424,3021,44,NO,FALSE,2026-10-02
202272424,3022,85,SI,TRUE,2026-11-21
202272424,3090,65,SI,TRUE,2026-08-18
202272424,3235,89,SI,TRUE,2026-11-26
202272424,3236,96,SI,FALSE,2026-07-22
202272424,3238,51,NO,FALSE,2026-09-02
202272424,3023,96,SI,TRUE,2026-09-04
202272424,3027,93,SI,TRUE,2026-07-29
202272424,3028,55,NO,TRUE,2026-07-23
202272424,3244,69,SI,TRUE,2026-07-27
202272424,3239,98,SI,TRUE,2026-10-15
202272424,3241,85,SI,TRUE,2026-09-03
202272424,3243,57,NO,TRUE,2026-10-17
202272424,3240,92,SI,TRUE,2026-11-10
202272424,3242,72,SI,TRUE,2026-10-24
202272424,3245,80,SI,FALSE,2026-08-15
202272424,3247,83,SI,TRUE,2026-07-22
202272424,3249,55,NO,TRUE,2026-10-18
202272424,3246,71,SI,TRUE,2026-11-06
202272424,3248,51,NO,TRUE,2026-11-13
202272424,3253,77,SI,TRUE,2026-10-12
202272424,3250,62,SI,TRUE,2026-08-25
202272424,3251,93,SI,TRUE,2026-09-19
202272424,3252,87,SI,FALSE,2026-08-07
202272424,3254,58,NO,TRUE,2026-07-22
202272424,3258,64,SI,TRUE,2026-07-27
202272424,3255,50,NO,TRUE,2026-09-07
202272424,3257,94,SI,TRUE,2026-09-09
202272424,3259,81,SI,TRUE,2026-09-10
202272424,3256,83,SI,TRUE,2026-09-05
202245269,3003,70,SI,FALSE,2022-02-16
202245269,3000,87,SI,TRUE,2022-09-19
202245269,3005,86,SI,TRUE,2023-06-07
202245269,3011,88,SI,TRUE,2023-08-30
202245269,3006,100,SI,TRUE,2024-04-09
202245269,3231,81,SI,TRUE,2024-08-06
202245269,3007,54,NO,FALSE,2025-10-13
202245269,3007,54,NO,FALSE,2026-04-03
202245269,3007,66,SI,TRUE,2026-10-07
202245269,3013,63,SI,TRUE,2026-09-19
202245269,3232,77,SI,FALSE,2026-09-28
202245269,3232,69,NO,FALSE,2026-08-14
202245269,3232,70,NO,TRUE,2026-07-28
202245269,3232,95,SI,TRUE,2026-08-02
202245269,3232,70,NO,TRUE,2026-09-02
202245269,3233,72,NO,TRUE,2026-08-14
202245269,3233,95,SI,TRUE,2026-10-20
202245269,3234,73,SI,FALSE,2026-09-29
202245269,3234,66,NO,FALSE,2026-07-28
202245269,3234,95,SI,TRUE,2026-08-22
202245269,3234,48,NO,TRUE,2026-09-04
202245269,3234,61,NO,TRUE,2026-10-27
202245269,3014,76,SI,TRUE,2026-11-09
202245269,3021,49,NO,TRUE,2026-10-03
202245269,3022,95,SI,TRUE,2026-08-30
202245269,3090,89,SI,TRUE,2026-08-04
202245269,3235,71,SI,TRUE,2026-10-08
202245269,3236,80,SI,TRUE,2026-08-29
202245269,3238,60,NO,TRUE,2026-07-29
202245269,3023,40,NO,FALSE,2026-11-07
202245269,3027,57,NO,TRUE,2026-09-06
202245269,3028,88,SI,FALSE,2026-08-27
202245269,3244,76,SI,FALSE,2026-08-24
202245269,3239,71,SI,TRUE,2026-08-06
202245269,3241,48,NO,TRUE,2026-11-03
202245269,3243,80,SI,TRUE,2026-11-01
202245269,3240,65,SI,TRUE,2026-11-01
202245269,3242,70,SI,FALSE,2026-10-21
202245269,3245,40,NO,FALSE,2026-07-24
202245269,3247,74,SI,TRUE,2026-09-04
202245269,3249,86,SI,TRUE,2026-10-18
202245269,3246,100,SI,TRUE,2026-07-18
202245269,3248,97,SI,TRUE,2026-10-05
202245269,3253,88,SI,TRUE,2026-11-27
202245269,3250,52,NO,TRUE,2026-07-19
202245269,3251,83,SI,TRUE,2026-07-16
202245269,3252,80,SI,TRUE,2026-09-16
202245269,3254,54,NO,TRUE,2026-10-11
202245269,3260,59,NO,TRUE,2026-08-17
202245269,3258,46,NO,TRUE,2026-10-21
202245269,3255,72,SI,TRUE,2026-10-01
202245269,3257,50,NO,TRUE,2026-07-31
202245269,3259,92,SI,TRUE,2026-07-26
202245269,3256,59,NO,TRUE,2026-09-27
202245269,3261,69,SI,TRUE,2026-11-25
202245269,3264,78,SI,FALSE,2026-11-26
202245269,3262,61,SI,TRUE,2026-11-03
202245269,3265,96,SI,TRUE,2026-08-18
202245269,3268,61,SI,TRUE,2026-11-17
202257087,3003,91,SI,FALSE,2022-04-05
202257087,3003,67,NO,FALSE,2022-08-13
202257087,3003,46,NO,TRUE,2023-01-26
202257087,3003,40,NO,TRUE,2023-08-19
202257087,3003,82,SI,TRUE,2024-06-28
202257087,3000,50,NO,TRUE,2024-10-07
202257087,3005,62,SI,FALSE,2025-05-07
202257087,3011,79,SI,TRUE,2025-09-21
202257087,3006,96,SI,TRUE,2026-02-07
202257087,3231,63,SI,TRUE,2026-10-10
202257087,3007,51,NO,TRUE,2026-08-13
202257087,3013,65,SI,TRUE,2026-10-25
202257087,3232,69,SI,FALSE,2026-09-22
202257087,3233,93,SI,FALSE,2026-10-21
202257087,3233,84,NO,FALSE,2026-11-14
202257087,3233,91,NO,FALSE,2026-10-30
202257087,3233,81,SI,TRUE,2026-08-26
202257087,3233,47,NO,TRUE,2026-08-17
202257087,3234,84,SI,TRUE,2026-07-30
202257087,3014,100,SI,TRUE,2026-08-24
202257087,3021,46,NO,TRUE,2026-10-29
202257087,3022,98,SI,TRUE,2026-11-15
202257087,3090,91,SI,TRUE,2026-11-04
202257087,3235,51,NO,FALSE,2026-10-20
202257087,3236,89,SI,TRUE,2026-10-14
202257087,3238,79,SI,FALSE,2026-07-22
202257087,3023,95,SI,TRUE,2026-08-17
202257087,3027,70,SI,FALSE,2026-11-16
202257087,3028,47,NO,FALSE,2026-10-28
202257087,3244,68,SI,FALSE,2026-07-26
202257087,3239,44,NO,FALSE,2026-09-19
202257087,3241,81,SI,FALSE,2026-10-03
202257087,3243,40,NO,TRUE,2026-11-26
202257087,3240,89,SI,TRUE,2026-09-10
202257087,3242,82,SI,FALSE,2026-10-09
202257087,3245,73,SI,TRUE,2026-11-25
202257087,3247,84,SI,TRUE,2026-08-08
202257087,3249,67,SI,FALSE,2026-09-16
202257087,3246,70,SI,TRUE,2026-10-11
202257087,3248,82,SI,FALSE,2026-10-21
202257087,3253,49,NO,TRUE,2026-07-28
202257087,3250,40,NO,TRUE,2026-08-24
202257087,3251,72,SI,FALSE,2026-11-12
202257087,3252,94,SI,TRUE,2026-11-18
202257087,3254,95,SI,TRUE,2026-08-26
202257087,3260,44,NO,TRUE,2026-11-17
202257087,3258,60,NO,TRUE,2026-09-14
202257087,3255,61,SI,FALSE,2026-09-24
202257087,3257,43,NO,FALSE,2026-11-21
202257087,3259,54,NO,TRUE,2026-10-19
202257087,3256,65,SI,TRUE,2026-09-13
202257087,3269,45,NO,FALSE,2026-11-09
202257087,3261,68,SI,TRUE,2026-11-06
202257087,3264,45,NO,FALSE,2026-11-19
202257087,3262,68,SI,TRUE,2026-10-03
202257087,3265,47,NO,TRUE,2026-11-19
202257087,3268,87,SI,TRUE,2026-07-19
202257087,3270,46,NO,FALSE,2026-10-26
202257087,3274,66,SI,FALSE,2026-07-24
202257087,3277,75,SI,FALSE,2026-07-15
202257087,3278,92,SI,TRUE,2026-08-07
202489194,3003,99,SI,FALSE,2024-05-04
202489194,3003,93,NO,FALSE,2024-11-15
202489194,3003,99,SI,TRUE,2025-05-25
202489194,3000,89,SI,TRUE,2025-08-29
202489194,3005,84,SI,TRUE,2026-06-12
202489194,3011,51,NO,FALSE,2026-08-16
202489194,3006,46,NO,TRUE,2026-10-22
202489194,3231,82,SI,TRUE,2026-10-05
202489194,3231,72,NO,TRUE,2026-10-21
202489194,3007,66,SI,FALSE,2026-09-16
202489194,3013,57,NO,TRUE,2026-10-24
202489194,3232,61,SI,TRUE,2026-09-28
202489194,3233,68,SI,FALSE,2026-08-18
202489194,3234,48,NO,FALSE,2026-10-28
202489194,3234,78,SI,TRUE,2026-11-23
202489194,3234,59,NO,TRUE,2026-10-03
202489194,3014,85,SI,FALSE,2026-09-08
202489194,3021,52,NO,TRUE,2026-09-06
202489194,3022,79,SI,TRUE,2026-09-27
202489194,3090,83,SI,TRUE,2026-10-11
202489194,3235,98,SI,TRUE,2026-08-17
202489194,3236,85,SI,TRUE,2026-08-29
202489194,3238,72,SI,FALSE,2026-11-30
202489194,3023,84,SI,TRUE,2026-10-05
202489194,3027,85,SI,TRUE,2026-08-13
202489194,3028,88,SI,TRUE,2026-10-13
202489194,3244,75,SI,TRUE,2026-11-14
202489194,3239,77,SI,TRUE,2026-10-29
202489194,3241,83,SI,TRUE,2026-11-28
202489194,3243,58,NO,TRUE,2026-10-31
202489194,3240,91,SI,TRUE,2026-07-18
202489194,3242,73,SI,FALSE,2026-08-11
202489194,3245,41,NO,TRUE,2026-10-20
202489194,3247,49,NO,TRUE,2026-07-28
202489194,3246,82,SI,FALSE,2026-07-29
202436201,3003,77,SI,TRUE,2024-03-20
202436201,3000,40,NO,TRUE,2024-10-07
202436201,3005,69,SI,TRUE,2025-02-23
202436201,3011,42,NO,TRUE,2025-08-23
202436201,3006,99,SI,TRUE,2026-04-07
202436201,3231,78,SI,FALSE,2026-07-28
202436201,3007,89,SI,FALSE,2026-09-30
202436201,3007,71,NO,FALSE,2026-10-14
202436201,3007,44,NO,TRUE,2026-10-04
202436201,3013,73,SI,FALSE,2026-09-09
202436201,3232,51,NO,TRUE,2026-11-25
202436201,3233,44,NO,TRUE,2026-11-21
202436201,3234,50,NO,TRUE,2026-10-29
202436201,3234,74,SI,TRUE,2026-11-29
202436201,3014,65,SI,FALSE,2026-08-07
202436201,3014,62,NO,TRUE,2026-09-09
202436201,3014,96,SI,TRUE,2026-09-07
202436201,3021,82,SI,TRUE,2026-10-07
202436201,3022,61,SI,TRUE,2026-10-15
202436201,3090,58,NO,TRUE,2026-09-08
202436201,3235,100,SI,TRUE,2026-11-27
202436201,3236,70,SI,TRUE,2026-07-17
202436201,3238,47,NO,TRUE,2026-10-11
202436201,3023,68,SI,TRUE,2026-09-14
202436201,3027,97,SI,TRUE,2026-09-15
202436201,3028,42,NO,TRUE,2026-10-05
202436201,3244,64,SI,FALSE,2026-08-13
202436201,3239,64,SI,TRUE,2026-09-18
202436201,3241,74,SI,FALSE,2026-09-25
202436201,3243,41,NO,FALSE,2026-11-24
202436201,3240,92,SI,TRUE,2026-10-18
202436201,3242,72,SI,TRUE,2026-11-22
202436201,3245,68,SI,TRUE,2026-11-16
202436201,3247,42,NO,TRUE,2026-09-28
202436201,3246,97,SI,FALSE,2026-09-02
202451984,3003,74,NO,FALSE,2024-03-30
202451984,3003,80,SI,FALSE,2024-08-20
202451984,3003,59,NO,TRUE,2025-06-29
202451984,3000,63,NO,FALSE,2025-07-17
202451984,3000,75,SI,FALSE,2026-06-06
202451984,3000,49,NO,TRUE,2026-08-15
202451984,3000,42,NO,TRUE,2026-07-16
202451984,3000,76,SI,TRUE,2026-10-23
202451984,3005,74,SI,TRUE,2026-08-05
202451984,3011,59,NO,FALSE,2026-09-06
202451984,3006,87,SI,TRUE,2026-10-11
202451984,3231,53,NO,TRUE,2026-10-28
202451984,3007,97,SI,TRUE,2026-11-23
202451984,3013,49,NO,TRUE,2026-08-25
202451984,3232,51,NO,FALSE,2026-09-09
202451984,3233,79,SI,TRUE,2026-09-17
202451984,3234,52,NO,FALSE,2026-08-13
202451984,3234,51,NO,FALSE,2026-07-28
202451984,3234,94,SI,FALSE,2026-11-10
202451984,3234,81,SI,TRUE,2026-08-02
202451984,3234,58,NO,TRUE,2026-08-01
202451984,3014,56,NO,FALSE,2026-08-09
202451984,3014,52,NO,FALSE,2026-11-16
202451984,3014,100,SI,TRUE,2026-10-07
202451984,3014,62,NO,TRUE,2026-08-16
202451984,3014,82,NO,TRUE,2026-09-13
202451984,3021,46,NO,TRUE,2026-09-25
202451984,3022,79,SI,TRUE,2026-08-01
202451984,3090,97,SI,TRUE,2026-09-02
202451984,3235,60,NO,FALSE,2026-11-16
202451984,3236,68,SI,TRUE,2026-10-07
202451984,3238,79,SI,FALSE,2026-10-01
202451984,3023,84,SI,TRUE,2026-08-23
202451984,3027,76,SI,TRUE,2026-10-16
202451984,3028,91,SI,FALSE,2026-10-03
202451984,3244,67,SI,TRUE,2026-08-27
202451984,3239,40,NO,TRUE,2026-10-03
202451984,3241,55,NO,TRUE,2026-09-09
202451984,3243,85,SI,TRUE,2026-11-03
202451984,3240,57,NO,TRUE,2026-10-15
202451984,3242,48,NO,TRUE,2026-10-07
202451984,3245,96,SI,FALSE,2026-11-14
202451984,3247,69,SI,TRUE,2026-11-06
202451984,3246,62,SI,TRUE,2026-10-01
202673828,3003,81,SI,TRUE,2026-02-22
202673828,3000,63,SI,TRUE,2026-10-23
202673828,3005,54,NO,TRUE,2026-09-27
202627548,3003,88,SI,TRUE,2026-05-19
202627548,3000,54,NO,TRUE,2026-07-31
202627548,3005,56,NO,FALSE,2026-10-17
202640673,3003,56,NO,TRUE,2026-04-21
202640673,3000,98,SI,TRUE,2026-09-10
202640673,3005,73,SI,FALSE,2026-10-26
202642780,3005,43,NO,TRUE,2026-09-10
202692242,3001,40,NO,TRUE,2025-08-15
202692242,3001,48,NO,TRUE,2026-03-20
202621836,3011,47,NO,TRUE,2026-03-15
202621836,3011,47,NO,TRUE,2026-10-08
202655093,3006,44,NO,TRUE,2025-03-10
202655093,3006,43,NO,TRUE,2025-06-10
202655093,3006,57,NO,TRUE,2026-09-10
202657026,3013,42,NO,TRUE,2026-02-20
202657026,3013,58,NO,TRUE,2026-09-05
202673828,3014,53,NO,TRUE,2025-08-10
202673828,3014,41,NO,TRUE,2026-02-18
202673828,3014,40,NO,TRUE,2026-09-12
202627548,3021,42,NO,TRUE,2026-03-25
202627548,3021,46,NO,TRUE,2026-09-18
202640673,3022,47,NO,TRUE,2025-09-05
202640673,3022,56,NO,TRUE,2026-03-15
202640673,3022,59,NO,TRUE,2026-09-22